file,class,method,variable,usage
D:\8th\Software Maintenance\File-Transfer-and-Chat-Project-in-Java\File Transfer and Chat Project in Java\Project Files\chatform1.java,chatform1,chatform1/0,q,1
D:\8th\Software Maintenance\File-Transfer-and-Chat-Project-in-Java\File Transfer and Chat Project in Java\Project Files\chatform1.java,chatform1,chatform1/0,b,2
D:\8th\Software Maintenance\File-Transfer-and-Chat-Project-in-Java\File Transfer and Chat Project in Java\Project Files\chatform1.java,chatform1,chatform1/0,rin,2
D:\8th\Software Maintenance\File-Transfer-and-Chat-Project-in-Java\File Transfer and Chat Project in Java\Project Files\chatform1.java,chatform1,chatform1/0,user,3
D:\8th\Software Maintenance\File-Transfer-and-Chat-Project-in-Java\File Transfer and Chat Project in Java\Project Files\chatform1.java,chatform1,chatform1/0,out,3
D:\8th\Software Maintenance\File-Transfer-and-Chat-Project-in-Java\File Transfer and Chat Project in Java\Project Files\chatform1.java,chatform1,run/0,q,2
D:\8th\Software Maintenance\File-Transfer-and-Chat-Project-in-Java\File Transfer and Chat Project in Java\Project Files\chatform1.java,chatform1,run/0,rin,2
D:\8th\Software Maintenance\File-Transfer-and-Chat-Project-in-Java\File Transfer and Chat Project in Java\Project Files\chatform1.java,chatform1,run/0,user,2
D:\8th\Software Maintenance\File-Transfer-and-Chat-Project-in-Java\File Transfer and Chat Project in Java\Project Files\chatform1.java,chatform1,run/0,out,4
D:\8th\Software Maintenance\File-Transfer-and-Chat-Project-in-Java\File Transfer and Chat Project in Java\Project Files\chatform.java,chatform,addlabel/0,v,5
D:\8th\Software Maintenance\File-Transfer-and-Chat-Project-in-Java\File Transfer and Chat Project in Java\Project Files\chatform.java,chatform,addlabel/0,tip,1
D:\8th\Software Maintenance\File-Transfer-and-Chat-Project-in-Java\File Transfer and Chat Project in Java\Project Files\chatform.java,chatform,addlabel/0,l,9
D:\8th\Software Maintenance\File-Transfer-and-Chat-Project-in-Java\File Transfer and Chat Project in Java\Project Files\chatform.java,chatform,addlabel/0,user,1
D:\8th\Software Maintenance\File-Transfer-and-Chat-Project-in-Java\File Transfer and Chat Project in Java\Project Files\chatform.java,chatform,actionPerformed/1[java.awt.event.ActionEvent],all,1
D:\8th\Software Maintenance\File-Transfer-and-Chat-Project-in-Java\File Transfer and Chat Project in Java\Project Files\chatform.java,chatform,actionPerformed/1[java.awt.event.ActionEvent],exit,2
D:\8th\Software Maintenance\File-Transfer-and-Chat-Project-in-Java\File Transfer and Chat Project in Java\Project Files\chatform.java,chatform,actionPerformed/1[java.awt.event.ActionEvent],in,1
D:\8th\Software Maintenance\File-Transfer-and-Chat-Project-in-Java\File Transfer and Chat Project in Java\Project Files\chatform.java,chatform,actionPerformed/1[java.awt.event.ActionEvent],v,2
D:\8th\Software Maintenance\File-Transfer-and-Chat-Project-in-Java\File Transfer and Chat Project in Java\Project Files\chatform.java,chatform,actionPerformed/1[java.awt.event.ActionEvent],kill,1
D:\8th\Software Maintenance\File-Transfer-and-Chat-Project-in-Java\File Transfer and Chat Project in Java\Project Files\chatform.java,chatform,actionPerformed/1[java.awt.event.ActionEvent],send,1
D:\8th\Software Maintenance\File-Transfer-and-Chat-Project-in-Java\File Transfer and Chat Project in Java\Project Files\chatform.java,chatform,actionPerformed/1[java.awt.event.ActionEvent],user,1
D:\8th\Software Maintenance\File-Transfer-and-Chat-Project-in-Java\File Transfer and Chat Project in Java\Project Files\chatform.java,chatform,mouseClicked/1[java.awt.event.MouseEvent],in,1
D:\8th\Software Maintenance\File-Transfer-and-Chat-Project-in-Java\File Transfer and Chat Project in Java\Project Files\chatform.java,chatform,mouseClicked/1[java.awt.event.MouseEvent],f,1
D:\8th\Software Maintenance\File-Transfer-and-Chat-Project-in-Java\File Transfer and Chat Project in Java\Project Files\chatform.java,chatform,mouseClicked/1[java.awt.event.MouseEvent],user,1
D:\8th\Software Maintenance\File-Transfer-and-Chat-Project-in-Java\File Transfer and Chat Project in Java\Project Files\chatform.java,chatform,chatform/0,rs,3
D:\8th\Software Maintenance\File-Transfer-and-Chat-Project-in-Java\File Transfer and Chat Project in Java\Project Files\chatform.java,chatform,chatform/0,p2,3
D:\8th\Software Maintenance\File-Transfer-and-Chat-Project-in-Java\File Transfer and Chat Project in Java\Project Files\chatform.java,chatform,chatform/0,b,2
D:\8th\Software Maintenance\File-Transfer-and-Chat-Project-in-Java\File Transfer and Chat Project in Java\Project Files\chatform.java,chatform,chatform/0,con,2
D:\8th\Software Maintenance\File-Transfer-and-Chat-Project-in-Java\File Transfer and Chat Project in Java\Project Files\chatform.java,chatform,chatform/0,l1,5
D:\8th\Software Maintenance\File-Transfer-and-Chat-Project-in-Java\File Transfer and Chat Project in Java\Project Files\chatform.java,chatform,chatform/0,jsp,2
D:\8th\Software Maintenance\File-Transfer-and-Chat-Project-in-Java\File Transfer and Chat Project in Java\Project Files\chatform.java,chatform,chatform/0,kill,3
D:\8th\Software Maintenance\File-Transfer-and-Chat-Project-in-Java\File Transfer and Chat Project in Java\Project Files\chatform.java,chatform,chatform/0,l,2
D:\8th\Software Maintenance\File-Transfer-and-Chat-Project-in-Java\File Transfer and Chat Project in Java\Project Files\chatform.java,chatform,chatform/0,ta,5
D:\8th\Software Maintenance\File-Transfer-and-Chat-Project-in-Java\File Transfer and Chat Project in Java\Project Files\chatform.java,chatform,chatform/0,out,2
D:\8th\Software Maintenance\File-Transfer-and-Chat-Project-in-Java\File Transfer and Chat Project in Java\Project Files\chatform.java,chatform,chatform/0,rs2,1
D:\8th\Software Maintenance\File-Transfer-and-Chat-Project-in-Java\File Transfer and Chat Project in Java\Project Files\chatform.java,chatform,chatform/0,exit,3
D:\8th\Software Maintenance\File-Transfer-and-Chat-Project-in-Java\File Transfer and Chat Project in Java\Project Files\chatform.java,chatform,chatform/0,rs1,5
D:\8th\Software Maintenance\File-Transfer-and-Chat-Project-in-Java\File Transfer and Chat Project in Java\Project Files\chatform.java,chatform,chatform/0,tf,2
D:\8th\Software Maintenance\File-Transfer-and-Chat-Project-in-Java\File Transfer and Chat Project in Java\Project Files\chatform.java,chatform,chatform/0,rin,2
D:\8th\Software Maintenance\File-Transfer-and-Chat-Project-in-Java\File Transfer and Chat Project in Java\Project Files\chatform.java,chatform,chatform/0,v,2
D:\8th\Software Maintenance\File-Transfer-and-Chat-Project-in-Java\File Transfer and Chat Project in Java\Project Files\chatform.java,chatform,chatform/0,tip,3
D:\8th\Software Maintenance\File-Transfer-and-Chat-Project-in-Java\File Transfer and Chat Project in Java\Project Files\chatform.java,chatform,chatform/0,jsp1,3
D:\8th\Software Maintenance\File-Transfer-and-Chat-Project-in-Java\File Transfer and Chat Project in Java\Project Files\chatform.java,chatform,chatform/0,user,2
D:\8th\Software Maintenance\File-Transfer-and-Chat-Project-in-Java\File Transfer and Chat Project in Java\Project Files\chatform.java,chatform,chatform/0,send,3
D:\8th\Software Maintenance\File-Transfer-and-Chat-Project-in-Java\File Transfer and Chat Project in Java\Project Files\chatform.java,chatform,chatform/0,stmt,3
D:\8th\Software Maintenance\File-Transfer-and-Chat-Project-in-Java\File Transfer and Chat Project in Java\Project Files\chatform.java,chatform,run/0,rs2,4
D:\8th\Software Maintenance\File-Transfer-and-Chat-Project-in-Java\File Transfer and Chat Project in Java\Project Files\chatform.java,chatform,run/0,exit,1
D:\8th\Software Maintenance\File-Transfer-and-Chat-Project-in-Java\File Transfer and Chat Project in Java\Project Files\chatform.java,chatform,run/0,in,2
D:\8th\Software Maintenance\File-Transfer-and-Chat-Project-in-Java\File Transfer and Chat Project in Java\Project Files\chatform.java,chatform,run/0,rin,2
D:\8th\Software Maintenance\File-Transfer-and-Chat-Project-in-Java\File Transfer and Chat Project in Java\Project Files\chatform.java,chatform,run/0,v,5
D:\8th\Software Maintenance\File-Transfer-and-Chat-Project-in-Java\File Transfer and Chat Project in Java\Project Files\chatform.java,chatform,run/0,tip,5
D:\8th\Software Maintenance\File-Transfer-and-Chat-Project-in-Java\File Transfer and Chat Project in Java\Project Files\chatform.java,chatform,run/0,ta,2
D:\8th\Software Maintenance\File-Transfer-and-Chat-Project-in-Java\File Transfer and Chat Project in Java\Project Files\chatform.java,chatform,run/0,user,2
D:\8th\Software Maintenance\File-Transfer-and-Chat-Project-in-Java\File Transfer and Chat Project in Java\Project Files\chatform.java,chatform,run/0,stmt,1
D:\8th\Software Maintenance\File-Transfer-and-Chat-Project-in-Java\File Transfer and Chat Project in Java\Project Files\chatform.java,chatform,run/0,out,4
D:\8th\Software Maintenance\File-Transfer-and-Chat-Project-in-Java\File Transfer and Chat Project in Java\Project Files\killall.java,killall,actionPerformed/1[java.awt.event.ActionEvent],v,1
D:\8th\Software Maintenance\File-Transfer-and-Chat-Project-in-Java\File Transfer and Chat Project in Java\Project Files\killall.java,killall,actionPerformed/1[java.awt.event.ActionEvent],kill,1
D:\8th\Software Maintenance\File-Transfer-and-Chat-Project-in-Java\File Transfer and Chat Project in Java\Project Files\killall.java,killall,actionPerformed/1[java.awt.event.ActionEvent],l,2
D:\8th\Software Maintenance\File-Transfer-and-Chat-Project-in-Java\File Transfer and Chat Project in Java\Project Files\killall.java,killall,actionPerformed/1[java.awt.event.ActionEvent],close,1
D:\8th\Software Maintenance\File-Transfer-and-Chat-Project-in-Java\File Transfer and Chat Project in Java\Project Files\killall.java,killall,"killall/2[chatform,java.util.Vector]",chform,3
D:\8th\Software Maintenance\File-Transfer-and-Chat-Project-in-Java\File Transfer and Chat Project in Java\Project Files\killall.java,killall,"killall/2[chatform,java.util.Vector]",v,4
D:\8th\Software Maintenance\File-Transfer-and-Chat-Project-in-Java\File Transfer and Chat Project in Java\Project Files\killall.java,killall,"killall/2[chatform,java.util.Vector]",jsp,3
D:\8th\Software Maintenance\File-Transfer-and-Chat-Project-in-Java\File Transfer and Chat Project in Java\Project Files\killall.java,killall,"killall/2[chatform,java.util.Vector]",l,2
D:\8th\Software Maintenance\File-Transfer-and-Chat-Project-in-Java\File Transfer and Chat Project in Java\Project Files\killall.java,killall,"killall/2[chatform,java.util.Vector]",lab,5
D:\8th\Software Maintenance\File-Transfer-and-Chat-Project-in-Java\File Transfer and Chat Project in Java\Project Files\killall.java,killall,"killall/2[chatform,java.util.Vector]",kill,4
D:\8th\Software Maintenance\File-Transfer-and-Chat-Project-in-Java\File Transfer and Chat Project in Java\Project Files\killall.java,killall,"killall/2[chatform,java.util.Vector]",close,4
D:\8th\Software Maintenance\File-Transfer-and-Chat-Project-in-Java\File Transfer and Chat Project in Java\Project Files\filter.java,filter,"filter/2[java.lang.String[],java.lang.String]",description,3
D:\8th\Software Maintenance\File-Transfer-and-Chat-Project-in-Java\File Transfer and Chat Project in Java\Project Files\filter.java,filter,"filter/2[java.lang.String[],java.lang.String]",filters,2
D:\8th\Software Maintenance\File-Transfer-and-Chat-Project-in-Java\File Transfer and Chat Project in Java\Project Files\filter.java,filter,accept/1[java.io.File],filters,1
D:\8th\Software Maintenance\File-Transfer-and-Chat-Project-in-Java\File Transfer and Chat Project in Java\Project Files\filter.java,filter,filter/1[java.lang.String[]],filters,2
D:\8th\Software Maintenance\File-Transfer-and-Chat-Project-in-Java\File Transfer and Chat Project in Java\Project Files\filter.java,filter,"filter/2[java.lang.String,java.lang.String]",description,3
D:\8th\Software Maintenance\File-Transfer-and-Chat-Project-in-Java\File Transfer and Chat Project in Java\Project Files\filter.java,filter,getDescription/0,description,4
D:\8th\Software Maintenance\File-Transfer-and-Chat-Project-in-Java\File Transfer and Chat Project in Java\Project Files\filter.java,filter,getDescription/0,filters,1
D:\8th\Software Maintenance\File-Transfer-and-Chat-Project-in-Java\File Transfer and Chat Project in Java\Project Files\filter.java,filter,getDescription/0,fullDescription,7
D:\8th\Software Maintenance\File-Transfer-and-Chat-Project-in-Java\File Transfer and Chat Project in Java\Project Files\filter.java,filter,addExtension/1[java.lang.String],filters,3
D:\8th\Software Maintenance\File-Transfer-and-Chat-Project-in-Java\File Transfer and Chat Project in Java\Project Files\filter.java,filter,addExtension/1[java.lang.String],fullDescription,1
D:\8th\Software Maintenance\File-Transfer-and-Chat-Project-in-Java\File Transfer and Chat Project in Java\Project Files\filter.java,filter,setExtensionListInDescription/1[boolean],useExtensionsInDescription,1
D:\8th\Software Maintenance\File-Transfer-and-Chat-Project-in-Java\File Transfer and Chat Project in Java\Project Files\filter.java,filter,setExtensionListInDescription/1[boolean],fullDescription,1
D:\8th\Software Maintenance\File-Transfer-and-Chat-Project-in-Java\File Transfer and Chat Project in Java\Project Files\filter.java,filter,filter/0,filters,1
D:\8th\Software Maintenance\File-Transfer-and-Chat-Project-in-Java\File Transfer and Chat Project in Java\Project Files\filter.java,filter,isExtensionListInDescription/0,useExtensionsInDescription,1
D:\8th\Software Maintenance\File-Transfer-and-Chat-Project-in-Java\File Transfer and Chat Project in Java\Project Files\filter.java,filter,setDescription/1[java.lang.String],description,3
D:\8th\Software Maintenance\File-Transfer-and-Chat-Project-in-Java\File Transfer and Chat Project in Java\Project Files\filter.java,filter,setDescription/1[java.lang.String],fullDescription,1
D:\8th\Software Maintenance\File-Transfer-and-Chat-Project-in-Java\File Transfer and Chat Project in Java\Project Files\clientform.java,clientform,clientform/1[java.lang.String],ta,5
D:\8th\Software Maintenance\File-Transfer-and-Chat-Project-in-Java\File Transfer and Chat Project in Java\Project Files\clientform.java,clientform,clientform/1[java.lang.String],send,4
D:\8th\Software Maintenance\File-Transfer-and-Chat-Project-in-Java\File Transfer and Chat Project in Java\Project Files\ftpser1.java,server3,"sendall/2[int,java.lang.String]",no,1
D:\8th\Software Maintenance\File-Transfer-and-Chat-Project-in-Java\File Transfer and Chat Project in Java\Project Files\ftpser1.java,server3,"sendall/2[int,java.lang.String]",v,1
D:\8th\Software Maintenance\File-Transfer-and-Chat-Project-in-Java\File Transfer and Chat Project in Java\Project Files\ftpser1.java,server3,"send2sim/3[int,byte[],int]",no,2
D:\8th\Software Maintenance\File-Transfer-and-Chat-Project-in-Java\File Transfer and Chat Project in Java\Project Files\ftpser1.java,server3,"send2sim/3[int,byte[],int]",v,1
D:\8th\Software Maintenance\File-Transfer-and-Chat-Project-in-Java\File Transfer and Chat Project in Java\Project Files\ftpser1.java,server3,senderr/1[java.lang.String],no,1
D:\8th\Software Maintenance\File-Transfer-and-Chat-Project-in-Java\File Transfer and Chat Project in Java\Project Files\ftpser1.java,server3,senderr/1[java.lang.String],v,1
D:\8th\Software Maintenance\File-Transfer-and-Chat-Project-in-Java\File Transfer and Chat Project in Java\Project Files\ftpser1.java,server3,"send2/2[int,java.lang.String]",no,2
D:\8th\Software Maintenance\File-Transfer-and-Chat-Project-in-Java\File Transfer and Chat Project in Java\Project Files\ftpser1.java,server3,"send2/2[int,java.lang.String]",v,1
D:\8th\Software Maintenance\File-Transfer-and-Chat-Project-in-Java\File Transfer and Chat Project in Java\Project Files\ftpser1.java,server3,server3/0,ser,1
D:\8th\Software Maintenance\File-Transfer-and-Chat-Project-in-Java\File Transfer and Chat Project in Java\Project Files\ftpser1.java,server3,run/0,cli,2
D:\8th\Software Maintenance\File-Transfer-and-Chat-Project-in-Java\File Transfer and Chat Project in Java\Project Files\ftpser1.java,server3,run/0,ser,1
D:\8th\Software Maintenance\File-Transfer-and-Chat-Project-in-Java\File Transfer and Chat Project in Java\Project Files\ftpser1.java,server3,run/0,no,2
D:\8th\Software Maintenance\File-Transfer-and-Chat-Project-in-Java\File Transfer and Chat Project in Java\Project Files\ftpser1.java,server3,run/0,v,1
D:\8th\Software Maintenance\File-Transfer-and-Chat-Project-in-Java\File Transfer and Chat Project in Java\Project Files\ftpser1.java,server3,send1/1[java.lang.String],no,1
D:\8th\Software Maintenance\File-Transfer-and-Chat-Project-in-Java\File Transfer and Chat Project in Java\Project Files\ftpser1.java,server3,send1/1[java.lang.String],v,1
D:\8th\Software Maintenance\File-Transfer-and-Chat-Project-in-Java\File Transfer and Chat Project in Java\Project Files\ftpser1.java,server3,exit1/1[int],no,1
D:\8th\Software Maintenance\File-Transfer-and-Chat-Project-in-Java\File Transfer and Chat Project in Java\Project Files\ftpser1.java,server3,exit1/1[int],v,1
D:\8th\Software Maintenance\File-Transfer-and-Chat-Project-in-Java\File Transfer and Chat Project in Java\Project Files\ftpser1.java,server3,exit1/1[int],v1,2
D:\8th\Software Maintenance\File-Transfer-and-Chat-Project-in-Java\File Transfer and Chat Project in Java\Project Files\ftpser1.java,server3,send/1[java.lang.String],no,1
D:\8th\Software Maintenance\File-Transfer-and-Chat-Project-in-Java\File Transfer and Chat Project in Java\Project Files\ftpser1.java,server3,send/1[java.lang.String],v,1
D:\8th\Software Maintenance\File-Transfer-and-Chat-Project-in-Java\File Transfer and Chat Project in Java\Project Files\chat.java,chat,mouseClicked/1[java.awt.event.MouseEvent],f,1
D:\8th\Software Maintenance\File-Transfer-and-Chat-Project-in-Java\File Transfer and Chat Project in Java\Project Files\chat.java,chat,mouseClicked/1[java.awt.event.MouseEvent],user,1
D:\8th\Software Maintenance\File-Transfer-and-Chat-Project-in-Java\File Transfer and Chat Project in Java\Project Files\chat.java,chat,addlabel/0,v,4
D:\8th\Software Maintenance\File-Transfer-and-Chat-Project-in-Java\File Transfer and Chat Project in Java\Project Files\chat.java,chat,addlabel/0,l,6
D:\8th\Software Maintenance\File-Transfer-and-Chat-Project-in-Java\File Transfer and Chat Project in Java\Project Files\chat.java,chat,addlabel/0,user,1
D:\8th\Software Maintenance\File-Transfer-and-Chat-Project-in-Java\File Transfer and Chat Project in Java\Project Files\chat.java,chat,run/0,rin,1
D:\8th\Software Maintenance\File-Transfer-and-Chat-Project-in-Java\File Transfer and Chat Project in Java\Project Files\chat.java,chat,run/0,v,2
D:\8th\Software Maintenance\File-Transfer-and-Chat-Project-in-Java\File Transfer and Chat Project in Java\Project Files\chat.java,chat,run/0,ta,2
D:\8th\Software Maintenance\File-Transfer-and-Chat-Project-in-Java\File Transfer and Chat Project in Java\Project Files\chat.java,chat,actionPerformed/1[java.awt.event.ActionEvent],exit,2
D:\8th\Software Maintenance\File-Transfer-and-Chat-Project-in-Java\File Transfer and Chat Project in Java\Project Files\chat.java,chat,actionPerformed/1[java.awt.event.ActionEvent],tf,2
D:\8th\Software Maintenance\File-Transfer-and-Chat-Project-in-Java\File Transfer and Chat Project in Java\Project Files\chat.java,chat,actionPerformed/1[java.awt.event.ActionEvent],send,1
D:\8th\Software Maintenance\File-Transfer-and-Chat-Project-in-Java\File Transfer and Chat Project in Java\Project Files\chat.java,chat,actionPerformed/1[java.awt.event.ActionEvent],user,2
D:\8th\Software Maintenance\File-Transfer-and-Chat-Project-in-Java\File Transfer and Chat Project in Java\Project Files\chat.java,chat,actionPerformed/1[java.awt.event.ActionEvent],out,1
D:\8th\Software Maintenance\File-Transfer-and-Chat-Project-in-Java\File Transfer and Chat Project in Java\Project Files\chat.java,chat,chat/0,p2,3
D:\8th\Software Maintenance\File-Transfer-and-Chat-Project-in-Java\File Transfer and Chat Project in Java\Project Files\chat.java,chat,chat/0,b,2
D:\8th\Software Maintenance\File-Transfer-and-Chat-Project-in-Java\File Transfer and Chat Project in Java\Project Files\chat.java,chat,chat/0,l1,4
D:\8th\Software Maintenance\File-Transfer-and-Chat-Project-in-Java\File Transfer and Chat Project in Java\Project Files\chat.java,chat,chat/0,jsp,2
D:\8th\Software Maintenance\File-Transfer-and-Chat-Project-in-Java\File Transfer and Chat Project in Java\Project Files\chat.java,chat,chat/0,l,2
D:\8th\Software Maintenance\File-Transfer-and-Chat-Project-in-Java\File Transfer and Chat Project in Java\Project Files\chat.java,chat,chat/0,ta,5
D:\8th\Software Maintenance\File-Transfer-and-Chat-Project-in-Java\File Transfer and Chat Project in Java\Project Files\chat.java,chat,chat/0,out,2
D:\8th\Software Maintenance\File-Transfer-and-Chat-Project-in-Java\File Transfer and Chat Project in Java\Project Files\chat.java,chat,chat/0,exit,3
D:\8th\Software Maintenance\File-Transfer-and-Chat-Project-in-Java\File Transfer and Chat Project in Java\Project Files\chat.java,chat,chat/0,tf,2
D:\8th\Software Maintenance\File-Transfer-and-Chat-Project-in-Java\File Transfer and Chat Project in Java\Project Files\chat.java,chat,chat/0,rin,2
D:\8th\Software Maintenance\File-Transfer-and-Chat-Project-in-Java\File Transfer and Chat Project in Java\Project Files\chat.java,chat,chat/0,v,1
D:\8th\Software Maintenance\File-Transfer-and-Chat-Project-in-Java\File Transfer and Chat Project in Java\Project Files\chat.java,chat,chat/0,jsp1,2
D:\8th\Software Maintenance\File-Transfer-and-Chat-Project-in-Java\File Transfer and Chat Project in Java\Project Files\chat.java,chat,chat/0,user,2
D:\8th\Software Maintenance\File-Transfer-and-Chat-Project-in-Java\File Transfer and Chat Project in Java\Project Files\chat.java,chat,chat/0,send,3
D:\8th\Software Maintenance\File-Transfer-and-Chat-Project-in-Java\File Transfer and Chat Project in Java\Project Files\sendall.java,sendall,"sendall/3[chatform,java.lang.String,java.util.Vector]",all,4
D:\8th\Software Maintenance\File-Transfer-and-Chat-Project-in-Java\File Transfer and Chat Project in Java\Project Files\sendall.java,sendall,"sendall/3[chatform,java.lang.String,java.util.Vector]",next,4
D:\8th\Software Maintenance\File-Transfer-and-Chat-Project-in-Java\File Transfer and Chat Project in Java\Project Files\sendall.java,sendall,"sendall/3[chatform,java.lang.String,java.util.Vector]",l1,2
D:\8th\Software Maintenance\File-Transfer-and-Chat-Project-in-Java\File Transfer and Chat Project in Java\Project Files\sendall.java,sendall,"sendall/3[chatform,java.lang.String,java.util.Vector]",jsp,3
D:\8th\Software Maintenance\File-Transfer-and-Chat-Project-in-Java\File Transfer and Chat Project in Java\Project Files\sendall.java,sendall,"sendall/3[chatform,java.lang.String,java.util.Vector]",right,4
D:\8th\Software Maintenance\File-Transfer-and-Chat-Project-in-Java\File Transfer and Chat Project in Java\Project Files\sendall.java,sendall,"sendall/3[chatform,java.lang.String,java.util.Vector]",l,2
D:\8th\Software Maintenance\File-Transfer-and-Chat-Project-in-Java\File Transfer and Chat Project in Java\Project Files\sendall.java,sendall,"sendall/3[chatform,java.lang.String,java.util.Vector]",lab,5
D:\8th\Software Maintenance\File-Transfer-and-Chat-Project-in-Java\File Transfer and Chat Project in Java\Project Files\sendall.java,sendall,"sendall/3[chatform,java.lang.String,java.util.Vector]",chform,3
D:\8th\Software Maintenance\File-Transfer-and-Chat-Project-in-Java\File Transfer and Chat Project in Java\Project Files\sendall.java,sendall,"sendall/3[chatform,java.lang.String,java.util.Vector]",sender,3
D:\8th\Software Maintenance\File-Transfer-and-Chat-Project-in-Java\File Transfer and Chat Project in Java\Project Files\sendall.java,sendall,"sendall/3[chatform,java.lang.String,java.util.Vector]",left,4
D:\8th\Software Maintenance\File-Transfer-and-Chat-Project-in-Java\File Transfer and Chat Project in Java\Project Files\sendall.java,sendall,"sendall/3[chatform,java.lang.String,java.util.Vector]",selall,4
D:\8th\Software Maintenance\File-Transfer-and-Chat-Project-in-Java\File Transfer and Chat Project in Java\Project Files\sendall.java,sendall,"sendall/3[chatform,java.lang.String,java.util.Vector]",jsp1,3
D:\8th\Software Maintenance\File-Transfer-and-Chat-Project-in-Java\File Transfer and Chat Project in Java\Project Files\sendall.java,sendall,"sendall/3[chatform,java.lang.String,java.util.Vector]",close,4
D:\8th\Software Maintenance\File-Transfer-and-Chat-Project-in-Java\File Transfer and Chat Project in Java\Project Files\sendall.java,sendall,actionPerformed/1[java.awt.event.ActionEvent],all,9
D:\8th\Software Maintenance\File-Transfer-and-Chat-Project-in-Java\File Transfer and Chat Project in Java\Project Files\sendall.java,sendall,actionPerformed/1[java.awt.event.ActionEvent],next,1
D:\8th\Software Maintenance\File-Transfer-and-Chat-Project-in-Java\File Transfer and Chat Project in Java\Project Files\sendall.java,sendall,actionPerformed/1[java.awt.event.ActionEvent],chform,1
D:\8th\Software Maintenance\File-Transfer-and-Chat-Project-in-Java\File Transfer and Chat Project in Java\Project Files\sendall.java,sendall,actionPerformed/1[java.awt.event.ActionEvent],l1,6
D:\8th\Software Maintenance\File-Transfer-and-Chat-Project-in-Java\File Transfer and Chat Project in Java\Project Files\sendall.java,sendall,actionPerformed/1[java.awt.event.ActionEvent],left,1
D:\8th\Software Maintenance\File-Transfer-and-Chat-Project-in-Java\File Transfer and Chat Project in Java\Project Files\sendall.java,sendall,actionPerformed/1[java.awt.event.ActionEvent],sender,1
D:\8th\Software Maintenance\File-Transfer-and-Chat-Project-in-Java\File Transfer and Chat Project in Java\Project Files\sendall.java,sendall,actionPerformed/1[java.awt.event.ActionEvent],f,1
D:\8th\Software Maintenance\File-Transfer-and-Chat-Project-in-Java\File Transfer and Chat Project in Java\Project Files\sendall.java,sendall,actionPerformed/1[java.awt.event.ActionEvent],selall,1
D:\8th\Software Maintenance\File-Transfer-and-Chat-Project-in-Java\File Transfer and Chat Project in Java\Project Files\sendall.java,sendall,actionPerformed/1[java.awt.event.ActionEvent],right,1
D:\8th\Software Maintenance\File-Transfer-and-Chat-Project-in-Java\File Transfer and Chat Project in Java\Project Files\sendall.java,sendall,actionPerformed/1[java.awt.event.ActionEvent],sel,9
D:\8th\Software Maintenance\File-Transfer-and-Chat-Project-in-Java\File Transfer and Chat Project in Java\Project Files\sendall.java,sendall,actionPerformed/1[java.awt.event.ActionEvent],l,6
D:\8th\Software Maintenance\File-Transfer-and-Chat-Project-in-Java\File Transfer and Chat Project in Java\Project Files\form1.java,form1,"form1/3[java.lang.String,java.lang.String,chat]",rece,4
D:\8th\Software Maintenance\File-Transfer-and-Chat-Project-in-Java\File Transfer and Chat Project in Java\Project Files\form1.java,form1,"form1/3[java.lang.String,java.lang.String,chat]",exit,3
D:\8th\Software Maintenance\File-Transfer-and-Chat-Project-in-Java\File Transfer and Chat Project in Java\Project Files\form1.java,form1,"form1/3[java.lang.String,java.lang.String,chat]",tf,2
D:\8th\Software Maintenance\File-Transfer-and-Chat-Project-in-Java\File Transfer and Chat Project in Java\Project Files\form1.java,form1,"form1/3[java.lang.String,java.lang.String,chat]",ch,3
D:\8th\Software Maintenance\File-Transfer-and-Chat-Project-in-Java\File Transfer and Chat Project in Java\Project Files\form1.java,form1,"form1/3[java.lang.String,java.lang.String,chat]",jsp,2
D:\8th\Software Maintenance\File-Transfer-and-Chat-Project-in-Java\File Transfer and Chat Project in Java\Project Files\form1.java,form1,"form1/3[java.lang.String,java.lang.String,chat]",snd,5
D:\8th\Software Maintenance\File-Transfer-and-Chat-Project-in-Java\File Transfer and Chat Project in Java\Project Files\form1.java,form1,"form1/3[java.lang.String,java.lang.String,chat]",l,3
D:\8th\Software Maintenance\File-Transfer-and-Chat-Project-in-Java\File Transfer and Chat Project in Java\Project Files\form1.java,form1,"form1/3[java.lang.String,java.lang.String,chat]",ta,3
D:\8th\Software Maintenance\File-Transfer-and-Chat-Project-in-Java\File Transfer and Chat Project in Java\Project Files\form1.java,form1,"form1/3[java.lang.String,java.lang.String,chat]",send,3
D:\8th\Software Maintenance\File-Transfer-and-Chat-Project-in-Java\File Transfer and Chat Project in Java\Project Files\form1.java,form1,actionPerformed/1[java.awt.event.ActionEvent],rece,1
D:\8th\Software Maintenance\File-Transfer-and-Chat-Project-in-Java\File Transfer and Chat Project in Java\Project Files\form1.java,form1,actionPerformed/1[java.awt.event.ActionEvent],exit,1
D:\8th\Software Maintenance\File-Transfer-and-Chat-Project-in-Java\File Transfer and Chat Project in Java\Project Files\form1.java,form1,actionPerformed/1[java.awt.event.ActionEvent],tf,3
D:\8th\Software Maintenance\File-Transfer-and-Chat-Project-in-Java\File Transfer and Chat Project in Java\Project Files\form1.java,form1,actionPerformed/1[java.awt.event.ActionEvent],snd,2
D:\8th\Software Maintenance\File-Transfer-and-Chat-Project-in-Java\File Transfer and Chat Project in Java\Project Files\form1.java,form1,actionPerformed/1[java.awt.event.ActionEvent],send,1
D:\8th\Software Maintenance\File-Transfer-and-Chat-Project-in-Java\File Transfer and Chat Project in Java\Project Files\form1.java,form1,actionPerformed/1[java.awt.event.ActionEvent],ta,1
D:\8th\Software Maintenance\File-Transfer-and-Chat-Project-in-Java\File Transfer and Chat Project in Java\Project Files\ftpser1.java,mul2,run/0,ser,7
D:\8th\Software Maintenance\File-Transfer-and-Chat-Project-in-Java\File Transfer and Chat Project in Java\Project Files\ftpser1.java,mul2,run/0,s,2
D:\8th\Software Maintenance\File-Transfer-and-Chat-Project-in-Java\File Transfer and Chat Project in Java\Project Files\ftpser1.java,mul2,run/0,rin,2
D:\8th\Software Maintenance\File-Transfer-and-Chat-Project-in-Java\File Transfer and Chat Project in Java\Project Files\ftpser1.java,mul2,run/0,num,2
D:\8th\Software Maintenance\File-Transfer-and-Chat-Project-in-Java\File Transfer and Chat Project in Java\Project Files\ftpser1.java,mul2,run/0,users,4
D:\8th\Software Maintenance\File-Transfer-and-Chat-Project-in-Java\File Transfer and Chat Project in Java\Project Files\ftpser1.java,mul2,"out2/2[byte[],int]",out,3
D:\8th\Software Maintenance\File-Transfer-and-Chat-Project-in-Java\File Transfer and Chat Project in Java\Project Files\ftpser1.java,mul2,"sending/3[int,byte[],java.lang.String]",ser,2
D:\8th\Software Maintenance\File-Transfer-and-Chat-Project-in-Java\File Transfer and Chat Project in Java\Project Files\ftpser1.java,mul2,"sending/3[int,byte[],java.lang.String]",b,3
D:\8th\Software Maintenance\File-Transfer-and-Chat-Project-in-Java\File Transfer and Chat Project in Java\Project Files\ftpser1.java,mul2,"sending/3[int,byte[],java.lang.String]",out,3
D:\8th\Software Maintenance\File-Transfer-and-Chat-Project-in-Java\File Transfer and Chat Project in Java\Project Files\ftpser1.java,mul2,"mul2/3[java.net.Socket,server3,int]",ser,3
D:\8th\Software Maintenance\File-Transfer-and-Chat-Project-in-Java\File Transfer and Chat Project in Java\Project Files\ftpser1.java,mul2,"mul2/3[java.net.Socket,server3,int]",rin,1
D:\8th\Software Maintenance\File-Transfer-and-Chat-Project-in-Java\File Transfer and Chat Project in Java\Project Files\ftpser1.java,mul2,"mul2/3[java.net.Socket,server3,int]",num,3
D:\8th\Software Maintenance\File-Transfer-and-Chat-Project-in-Java\File Transfer and Chat Project in Java\Project Files\ftpser1.java,mul2,"mul2/3[java.net.Socket,server3,int]",client,1
D:\8th\Software Maintenance\File-Transfer-and-Chat-Project-in-Java\File Transfer and Chat Project in Java\Project Files\ftpser1.java,mul2,"mul2/3[java.net.Socket,server3,int]",out,1
D:\8th\Software Maintenance\File-Transfer-and-Chat-Project-in-Java\File Transfer and Chat Project in Java\Project Files\ftpser1.java,mul2,out1/1[java.lang.String],b,2
D:\8th\Software Maintenance\File-Transfer-and-Chat-Project-in-Java\File Transfer and Chat Project in Java\Project Files\ftpser1.java,mul2,out1/1[java.lang.String],out,3
D:\8th\Software Maintenance\File-Transfer-and-Chat-Project-in-Java\File Transfer and Chat Project in Java\Project Files\menu1.java,menu1,mousePressed/1[java.awt.event.MouseEvent],ext,1
D:\8th\Software Maintenance\File-Transfer-and-Chat-Project-in-Java\File Transfer and Chat Project in Java\Project Files\menu1.java,menu1,mousePressed/1[java.awt.event.MouseEvent],file,1
D:\8th\Software Maintenance\File-Transfer-and-Chat-Project-in-Java\File Transfer and Chat Project in Java\Project Files\menu1.java,menu1,mousePressed/1[java.awt.event.MouseEvent],mess,1
D:\8th\Software Maintenance\File-Transfer-and-Chat-Project-in-Java\File Transfer and Chat Project in Java\Project Files\menu1.java,menu1,paint/1[java.awt.Graphics],img2,1
D:\8th\Software Maintenance\File-Transfer-and-Chat-Project-in-Java\File Transfer and Chat Project in Java\Project Files\menu1.java,menu1,paint/1[java.awt.Graphics],img1,1
D:\8th\Software Maintenance\File-Transfer-and-Chat-Project-in-Java\File Transfer and Chat Project in Java\Project Files\menu1.java,menu1,menu1/0,dt,3
D:\8th\Software Maintenance\File-Transfer-and-Chat-Project-in-Java\File Transfer and Chat Project in Java\Project Files\menu1.java,menu1,menu1/0,date,5
D:\8th\Software Maintenance\File-Transfer-and-Chat-Project-in-Java\File Transfer and Chat Project in Java\Project Files\menu1.java,menu1,menu1/0,ext,5
D:\8th\Software Maintenance\File-Transfer-and-Chat-Project-in-Java\File Transfer and Chat Project in Java\Project Files\menu1.java,menu1,menu1/0,vis,5
D:\8th\Software Maintenance\File-Transfer-and-Chat-Project-in-Java\File Transfer and Chat Project in Java\Project Files\menu1.java,menu1,menu1/0,help,5
D:\8th\Software Maintenance\File-Transfer-and-Chat-Project-in-Java\File Transfer and Chat Project in Java\Project Files\menu1.java,menu1,menu1/0,file,5
D:\8th\Software Maintenance\File-Transfer-and-Chat-Project-in-Java\File Transfer and Chat Project in Java\Project Files\menu1.java,menu1,menu1/0,men,5
D:\8th\Software Maintenance\File-Transfer-and-Chat-Project-in-Java\File Transfer and Chat Project in Java\Project Files\menu1.java,menu1,menu1/0,mess,5
D:\8th\Software Maintenance\File-Transfer-and-Chat-Project-in-Java\File Transfer and Chat Project in Java\Project Files\menu1.java,menu1,menu1/0,addr,5
D:\8th\Software Maintenance\File-Transfer-and-Chat-Project-in-Java\File Transfer and Chat Project in Java\Project Files\menu1.java,menu1,menu1/0,img2,1
D:\8th\Software Maintenance\File-Transfer-and-Chat-Project-in-Java\File Transfer and Chat Project in Java\Project Files\menu1.java,menu1,menu1/0,img1,1
D:\8th\Software Maintenance\File-Transfer-and-Chat-Project-in-Java\File Transfer and Chat Project in Java\Project Files\chatform1.java,quitting,run/0,kin,1
D:\8th\Software Maintenance\File-Transfer-and-Chat-Project-in-Java\File Transfer and Chat Project in Java\Project Files\chatform1.java,quitting,"quitting/2[java.io.DataOutputStream,java.lang.String]",kin,1
D:\8th\Software Maintenance\File-Transfer-and-Chat-Project-in-Java\File Transfer and Chat Project in Java\Project Files\chatform1.java,quitting,"quitting/2[java.io.DataOutputStream,java.lang.String]",user,3
D:\8th\Software Maintenance\File-Transfer-and-Chat-Project-in-Java\File Transfer and Chat Project in Java\Project Files\chatform1.java,quitting,"quitting/2[java.io.DataOutputStream,java.lang.String]",out,3
