file,class,method,constructor,line,cbo,cboModified,fanin,fanout,wmc,rfc,loc,returnsQty,variablesQty,parametersQty,methodsInvokedQty,methodsInvokedLocalQty,methodsInvokedIndirectLocalQty,loopQty,comparisonsQty,tryCatchQty,parenthesizedExpsQty,stringLiteralsQty,numbersQty,assignmentsQty,mathOperationsQty,maxNestedBlocksQty,anonymousClassesQty,innerClassesQty,lambdasQty,uniqueWordsQty,modifiers,logStatementsQty,hasJavaDoc
D:\8th\Software Maintenance\File-Transfer-and-Chat-Project-in-Java\File Transfer and Chat Project in Java\Project Files\clientform.java,clientform$Anonymous1,windowClosing/1[java.awt.event.WindowEvent],false,27,0,0,0,0,1,1,3,0,0,1,1,0,0,0,0,0,0,0,0,0,0,0,0,0,0,8,1,0,false
D:\8th\Software Maintenance\File-Transfer-and-Chat-Project-in-Java\File Transfer and Chat Project in Java\Project Files\chatform1.java,chatform1,chatform1/0,true,18,1,2,1,1,2,10,20,0,5,0,10,0,0,0,0,1,1,4,2,9,1,1,0,0,0,27,0,0,false
D:\8th\Software Maintenance\File-Transfer-and-Chat-Project-in-Java\File Transfer and Chat Project in Java\Project Files\chatform1.java,chatform1,run/0,false,41,2,1,0,1,9,16,53,0,12,0,16,0,0,1,1,2,2,20,9,13,8,5,0,0,0,37,1,0,false
D:\8th\Software Maintenance\File-Transfer-and-Chat-Project-in-Java\File Transfer and Chat Project in Java\Project Files\chatform1.java,chatform1,main/1[java.lang.String[]],false,108,1,1,0,1,1,0,3,0,0,1,0,0,0,0,0,0,0,0,0,0,0,0,0,0,0,2,9,0,false
D:\8th\Software Maintenance\File-Transfer-and-Chat-Project-in-Java\File Transfer and Chat Project in Java\Project Files\menu1.java,menu1$Anonymous1,windowClosing/1[java.awt.event.WindowEvent],false,58,0,0,0,0,1,1,3,0,0,1,1,0,0,0,0,0,0,0,1,0,0,0,0,0,0,5,1,0,false
D:\8th\Software Maintenance\File-Transfer-and-Chat-Project-in-Java\File Transfer and Chat Project in Java\Project Files\chatform.java,chatform,mouseEntered/1[java.awt.event.MouseEvent],false,290,0,0,0,0,1,1,3,0,0,1,1,0,0,0,0,0,0,0,0,0,0,0,0,0,0,7,1,0,false
D:\8th\Software Maintenance\File-Transfer-and-Chat-Project-in-Java\File Transfer and Chat Project in Java\Project Files\chatform.java,chatform,addlabel/0,false,270,0,2,2,0,4,10,21,0,3,0,10,0,0,2,0,0,0,6,3,3,2,2,0,0,0,6,0,0,false
D:\8th\Software Maintenance\File-Transfer-and-Chat-Project-in-Java\File Transfer and Chat Project in Java\Project Files\chatform.java,chatform,main/1[java.lang.String[]],false,303,1,1,0,1,1,0,3,0,0,1,0,0,0,0,0,0,0,0,0,0,0,0,0,0,0,2,9,0,false
D:\8th\Software Maintenance\File-Transfer-and-Chat-Project-in-Java\File Transfer and Chat Project in Java\Project Files\chatform.java,chatform,actionPerformed/1[java.awt.event.ActionEvent],false,141,2,2,0,2,4,2,14,0,2,1,2,0,0,0,3,0,0,0,1,3,0,1,0,0,0,15,1,0,false
D:\8th\Software Maintenance\File-Transfer-and-Chat-Project-in-Java\File Transfer and Chat Project in Java\Project Files\chatform.java,chatform,mousePressed/1[java.awt.event.MouseEvent],false,289,0,0,0,0,1,0,2,0,0,1,0,0,0,0,0,0,0,0,0,0,0,0,0,0,0,5,1,0,false
D:\8th\Software Maintenance\File-Transfer-and-Chat-Project-in-Java\File Transfer and Chat Project in Java\Project Files\chatform.java,chatform,mouseClicked/1[java.awt.event.MouseEvent],false,292,1,0,0,0,2,3,7,0,1,1,3,0,0,0,1,0,0,0,2,3,0,1,0,0,0,11,1,0,false
D:\8th\Software Maintenance\File-Transfer-and-Chat-Project-in-Java\File Transfer and Chat Project in Java\Project Files\chatform.java,chatform,mouseReleased/1[java.awt.event.MouseEvent],false,301,0,0,0,0,1,0,2,0,0,1,0,0,0,0,0,0,0,0,0,0,0,0,0,0,0,5,1,0,false
D:\8th\Software Maintenance\File-Transfer-and-Chat-Project-in-Java\File Transfer and Chat Project in Java\Project Files\chatform.java,chatform,chatform/0,true,33,1,3,2,1,9,39,95,0,15,0,39,1,1,3,1,2,1,23,20,35,5,5,0,0,0,78,0,0,false
D:\8th\Software Maintenance\File-Transfer-and-Chat-Project-in-Java\File Transfer and Chat Project in Java\Project Files\chatform.java,chatform,mouseExited/1[java.awt.event.MouseEvent],false,291,0,0,0,0,1,1,3,0,0,1,1,0,0,0,0,0,0,0,0,0,0,0,0,0,0,7,1,0,false
D:\8th\Software Maintenance\File-Transfer-and-Chat-Project-in-Java\File Transfer and Chat Project in Java\Project Files\chatform.java,chatform,run/0,false,159,2,1,0,1,18,28,95,0,21,0,28,1,1,3,4,2,2,39,17,24,15,6,0,0,0,40,1,0,false
D:\8th\Software Maintenance\File-Transfer-and-Chat-Project-in-Java\File Transfer and Chat Project in Java\Project Files\killall.java,killall,actionPerformed/1[java.awt.event.ActionEvent],false,46,0,0,0,0,6,8,16,0,3,1,8,0,0,1,2,1,1,1,2,3,1,3,0,0,0,13,1,0,false
D:\8th\Software Maintenance\File-Transfer-and-Chat-Project-in-Java\File Transfer and Chat Project in Java\Project Files\killall.java,killall,"killall/2[chatform,java.util.Vector]",true,15,1,1,1,0,1,11,30,0,3,2,11,0,0,0,0,0,0,6,22,10,0,0,0,0,0,27,0,0,false
D:\8th\Software Maintenance\File-Transfer-and-Chat-Project-in-Java\File Transfer and Chat Project in Java\Project Files\filter.java,filter,"filter/2[java.lang.String[],java.lang.String]",true,36,1,2,0,2,3,2,7,0,1,2,2,2,1,1,1,0,0,0,1,1,0,1,0,0,0,8,1,0,false
D:\8th\Software Maintenance\File-Transfer-and-Chat-Project-in-Java\File Transfer and Chat Project in Java\Project Files\filter.java,filter,accept/1[java.io.File],false,44,1,1,0,1,5,3,13,3,1,1,3,1,1,0,3,0,0,0,0,1,0,2,0,0,0,9,1,0,false
D:\8th\Software Maintenance\File-Transfer-and-Chat-Project-in-Java\File Transfer and Chat Project in Java\Project Files\filter.java,filter,getExtension/1[java.io.File],false,57,0,1,1,0,4,5,11,2,2,1,5,0,0,0,1,0,0,0,3,2,2,2,0,0,0,7,1,0,false
D:\8th\Software Maintenance\File-Transfer-and-Chat-Project-in-Java\File Transfer and Chat Project in Java\Project Files\filter.java,filter,filter/1[java.lang.String[]],true,32,0,0,0,0,1,0,3,0,0,1,0,0,0,0,0,0,0,0,0,0,0,0,0,0,0,2,1,0,false
D:\8th\Software Maintenance\File-Transfer-and-Chat-Project-in-Java\File Transfer and Chat Project in Java\Project Files\filter.java,filter,"filter/2[java.lang.String,java.lang.String]",true,27,1,2,0,2,3,2,5,0,0,2,2,2,1,0,2,0,0,0,0,0,0,1,0,0,0,8,1,0,false
D:\8th\Software Maintenance\File-Transfer-and-Chat-Project-in-Java\File Transfer and Chat Project in Java\Project Files\filter.java,filter,getDescription/0,false,77,1,1,0,1,7,4,19,1,1,0,4,1,1,1,4,0,0,5,0,6,3,4,0,0,0,11,1,0,false
D:\8th\Software Maintenance\File-Transfer-and-Chat-Project-in-Java\File Transfer and Chat Project in Java\Project Files\filter.java,filter,addExtension/1[java.lang.String],false,68,0,2,2,0,2,2,7,0,0,1,2,0,0,0,1,0,0,0,1,2,0,1,0,0,0,8,1,0,false
D:\8th\Software Maintenance\File-Transfer-and-Chat-Project-in-Java\File Transfer and Chat Project in Java\Project Files\filter.java,filter,setExtensionListInDescription/1[boolean],false,102,0,0,0,0,1,0,4,0,0,1,0,0,0,0,0,0,0,0,0,2,0,0,0,0,0,10,1,0,false
D:\8th\Software Maintenance\File-Transfer-and-Chat-Project-in-Java\File Transfer and Chat Project in Java\Project Files\filter.java,filter,filter/1[java.lang.String],true,23,0,0,0,0,1,0,3,0,0,1,0,0,0,0,0,0,0,0,0,0,0,0,0,0,0,2,1,0,false
D:\8th\Software Maintenance\File-Transfer-and-Chat-Project-in-Java\File Transfer and Chat Project in Java\Project Files\filter.java,filter,filter/0,true,19,0,0,0,0,1,0,3,0,0,0,0,0,0,0,0,0,0,0,0,1,0,0,0,0,0,2,1,0,false
D:\8th\Software Maintenance\File-Transfer-and-Chat-Project-in-Java\File Transfer and Chat Project in Java\Project Files\filter.java,filter,isExtensionListInDescription/0,false,107,0,1,1,0,1,0,3,1,0,0,0,0,0,0,0,0,0,0,0,0,0,0,0,0,0,7,1,0,false
D:\8th\Software Maintenance\File-Transfer-and-Chat-Project-in-Java\File Transfer and Chat Project in Java\Project Files\filter.java,filter,setDescription/1[java.lang.String],false,97,0,2,2,0,1,0,4,0,0,1,0,0,0,0,0,0,0,0,0,2,0,0,0,0,0,5,1,0,false
D:\8th\Software Maintenance\File-Transfer-and-Chat-Project-in-Java\File Transfer and Chat Project in Java\Project Files\clientform.java,clientform,clientform/1[java.lang.String],true,8,0,2,1,1,2,12,25,0,1,1,12,0,0,1,0,0,0,5,9,3,0,1,1,0,0,28,0,0,false
D:\8th\Software Maintenance\File-Transfer-and-Chat-Project-in-Java\File Transfer and Chat Project in Java\Project Files\ftpser1.java,server3,"sendall/2[int,java.lang.String]",false,84,1,2,1,1,3,2,7,0,2,2,2,0,0,1,1,0,0,0,1,2,0,2,0,0,0,7,0,0,false
D:\8th\Software Maintenance\File-Transfer-and-Chat-Project-in-Java\File Transfer and Chat Project in Java\Project Files\ftpser1.java,server3,"send2sim/3[int,byte[],int]",false,79,2,2,1,1,1,2,4,0,1,3,2,0,0,0,0,0,0,0,0,1,0,0,0,0,0,5,0,0,false
D:\8th\Software Maintenance\File-Transfer-and-Chat-Project-in-Java\File Transfer and Chat Project in Java\Project Files\ftpser1.java,server3,senderr/1[java.lang.String],false,57,1,1,0,1,2,2,6,0,2,1,2,0,0,1,0,0,0,0,1,2,0,1,0,0,0,6,0,0,false
D:\8th\Software Maintenance\File-Transfer-and-Chat-Project-in-Java\File Transfer and Chat Project in Java\Project Files\ftpser1.java,server3,"send2/2[int,java.lang.String]",false,74,1,2,1,1,1,2,4,0,1,2,2,0,0,0,0,0,0,0,0,1,0,0,0,0,0,5,0,0,false
D:\8th\Software Maintenance\File-Transfer-and-Chat-Project-in-Java\File Transfer and Chat Project in Java\Project Files\ftpser1.java,server3,server3/0,true,25,0,1,1,0,2,2,9,0,0,0,2,0,0,0,0,1,0,0,1,1,0,1,0,0,0,7,0,0,false
D:\8th\Software Maintenance\File-Transfer-and-Chat-Project-in-Java\File Transfer and Chat Project in Java\Project Files\ftpser1.java,server3,run/0,false,35,1,1,0,1,3,5,13,0,1,0,5,0,0,1,0,1,0,0,0,2,0,2,0,0,0,8,1,0,false
D:\8th\Software Maintenance\File-Transfer-and-Chat-Project-in-Java\File Transfer and Chat Project in Java\Project Files\ftpser1.java,server3,send1/1[java.lang.String],false,65,1,2,1,1,2,2,7,0,2,1,2,0,0,1,0,0,0,0,1,3,0,1,0,0,0,6,0,0,false
D:\8th\Software Maintenance\File-Transfer-and-Chat-Project-in-Java\File Transfer and Chat Project in Java\Project Files\ftpser1.java,server3,exit1/1[int],false,94,1,2,1,1,1,5,9,0,2,1,5,1,1,0,0,0,0,1,0,2,1,0,0,0,0,7,0,0,false
D:\8th\Software Maintenance\File-Transfer-and-Chat-Project-in-Java\File Transfer and Chat Project in Java\Project Files\ftpser1.java,server3,send/1[java.lang.String],false,49,1,2,1,1,2,2,6,0,2,1,2,0,0,1,0,0,0,0,1,2,0,1,0,0,0,6,0,0,false
D:\8th\Software Maintenance\File-Transfer-and-Chat-Project-in-Java\File Transfer and Chat Project in Java\Project Files\chat.java,chat,mousePressed/1[java.awt.event.MouseEvent],false,172,0,0,0,0,1,0,2,0,0,1,0,0,0,0,0,0,0,0,0,0,0,0,0,0,0,5,1,0,false
D:\8th\Software Maintenance\File-Transfer-and-Chat-Project-in-Java\File Transfer and Chat Project in Java\Project Files\chat.java,chat,mouseClicked/1[java.awt.event.MouseEvent],false,175,1,1,0,1,2,3,6,0,1,1,3,0,0,0,1,0,0,0,1,2,0,1,0,0,0,9,1,0,false
D:\8th\Software Maintenance\File-Transfer-and-Chat-Project-in-Java\File Transfer and Chat Project in Java\Project Files\chat.java,chat,addlabel/0,false,156,0,2,2,0,4,7,14,0,3,0,7,0,0,2,0,0,0,4,3,3,1,2,0,0,0,5,0,0,false
D:\8th\Software Maintenance\File-Transfer-and-Chat-Project-in-Java\File Transfer and Chat Project in Java\Project Files\chat.java,chat,run/0,false,120,2,1,0,1,7,10,30,0,8,0,10,1,1,2,0,1,0,9,4,8,4,5,0,0,0,14,1,0,false
D:\8th\Software Maintenance\File-Transfer-and-Chat-Project-in-Java\File Transfer and Chat Project in Java\Project Files\chat.java,chat,mouseEntered/1[java.awt.event.MouseEvent],false,173,0,0,0,0,1,1,3,0,0,1,1,0,0,0,0,0,0,0,0,0,0,0,0,0,0,7,1,0,false
D:\8th\Software Maintenance\File-Transfer-and-Chat-Project-in-Java\File Transfer and Chat Project in Java\Project Files\chat.java,chat,mouseExited/1[java.awt.event.MouseEvent],false,174,0,0,0,0,1,1,3,0,0,1,1,0,0,0,0,0,0,0,0,0,0,0,0,0,0,7,1,0,false
D:\8th\Software Maintenance\File-Transfer-and-Chat-Project-in-Java\File Transfer and Chat Project in Java\Project Files\chat.java,chat,mouseReleased/1[java.awt.event.MouseEvent],false,183,0,0,0,0,1,0,2,0,0,1,0,0,0,0,0,0,0,0,0,0,0,0,0,0,0,5,1,0,false
D:\8th\Software Maintenance\File-Transfer-and-Chat-Project-in-Java\File Transfer and Chat Project in Java\Project Files\chat.java,chat,actionPerformed/1[java.awt.event.ActionEvent],false,103,0,0,0,0,4,7,16,0,2,1,7,0,0,0,2,1,0,5,2,2,1,2,0,0,0,11,1,0,false
D:\8th\Software Maintenance\File-Transfer-and-Chat-Project-in-Java\File Transfer and Chat Project in Java\Project Files\chat.java,chat,chat/0,true,26,1,3,2,1,5,28,65,0,13,0,28,1,1,2,0,1,1,14,14,25,3,3,0,0,0,70,0,0,false
D:\8th\Software Maintenance\File-Transfer-and-Chat-Project-in-Java\File Transfer and Chat Project in Java\Project Files\chat.java,chat,main/1[java.lang.String[]],false,188,1,1,0,1,1,0,3,0,1,1,0,0,0,0,0,0,0,0,0,1,0,0,0,0,0,4,9,0,false
D:\8th\Software Maintenance\File-Transfer-and-Chat-Project-in-Java\File Transfer and Chat Project in Java\Project Files\sendall.java,sendall,"sendall/3[chatform,java.lang.String,java.util.Vector]",true,17,1,1,1,0,1,11,48,0,3,3,11,0,0,0,0,0,0,9,38,17,0,0,0,0,0,36,0,0,false
D:\8th\Software Maintenance\File-Transfer-and-Chat-Project-in-Java\File Transfer and Chat Project in Java\Project Files\sendall.java,sendall,actionPerformed/1[java.awt.event.ActionEvent],false,69,1,0,0,0,9,11,24,0,1,1,11,0,0,1,5,0,0,0,1,2,0,2,0,0,0,18,1,0,false
D:\8th\Software Maintenance\File-Transfer-and-Chat-Project-in-Java\File Transfer and Chat Project in Java\Project Files\form1.java,form1,"form1/3[java.lang.String,java.lang.String,chat]",true,17,1,1,1,0,1,10,34,0,6,3,10,0,0,0,0,0,0,5,7,15,2,0,0,0,0,39,0,0,false
D:\8th\Software Maintenance\File-Transfer-and-Chat-Project-in-Java\File Transfer and Chat Project in Java\Project Files\form1.java,form1,actionPerformed/1[java.awt.event.ActionEvent],false,54,0,0,0,0,4,8,16,0,1,1,8,0,0,0,2,1,0,8,0,1,2,2,0,0,0,15,1,0,false
D:\8th\Software Maintenance\File-Transfer-and-Chat-Project-in-Java\File Transfer and Chat Project in Java\Project Files\ftpser1.java,mul2,run/0,false,131,3,5,0,5,16,19,85,0,22,0,19,1,1,3,3,1,0,42,10,31,11,6,0,0,0,33,1,0,false
D:\8th\Software Maintenance\File-Transfer-and-Chat-Project-in-Java\File Transfer and Chat Project in Java\Project Files\ftpser1.java,mul2,"out2/2[byte[],int]",false,262,1,1,1,0,2,2,9,0,0,2,2,0,0,0,0,1,0,0,1,0,0,1,0,0,0,4,0,0,false
D:\8th\Software Maintenance\File-Transfer-and-Chat-Project-in-Java\File Transfer and Chat Project in Java\Project Files\ftpser1.java,mul2,"sending/3[int,byte[],java.lang.String]",false,235,2,2,1,1,2,7,17,0,2,3,7,0,0,0,0,1,0,1,1,2,0,1,0,0,0,10,0,0,false
D:\8th\Software Maintenance\File-Transfer-and-Chat-Project-in-Java\File Transfer and Chat Project in Java\Project Files\ftpser1.java,mul2,"mul2/3[java.net.Socket,server3,int]",true,118,1,1,1,0,2,4,13,0,0,3,4,0,0,0,0,1,0,0,0,5,0,1,0,0,0,15,0,0,false
D:\8th\Software Maintenance\File-Transfer-and-Chat-Project-in-Java\File Transfer and Chat Project in Java\Project Files\ftpser1.java,mul2,out1/1[java.lang.String],false,253,0,5,5,0,2,3,10,0,0,1,3,0,0,0,0,1,0,0,0,1,0,1,0,0,0,5,0,0,false
D:\8th\Software Maintenance\File-Transfer-and-Chat-Project-in-Java\File Transfer and Chat Project in Java\Project Files\menu1.java,menu1,main/1[java.lang.String[]],false,95,1,1,0,1,1,0,3,0,0,1,0,0,0,0,0,0,0,0,0,0,0,0,0,0,0,2,9,0,false
D:\8th\Software Maintenance\File-Transfer-and-Chat-Project-in-Java\File Transfer and Chat Project in Java\Project Files\menu1.java,menu1,mousePressed/1[java.awt.event.MouseEvent],false,78,2,2,0,2,4,3,11,0,0,1,3,0,0,0,3,0,0,0,1,0,0,1,0,0,0,13,1,0,false
D:\8th\Software Maintenance\File-Transfer-and-Chat-Project-in-Java\File Transfer and Chat Project in Java\Project Files\menu1.java,menu1,paint/1[java.awt.Graphics],false,88,0,0,0,0,1,2,6,0,0,1,2,0,0,0,0,0,0,0,12,0,0,0,0,0,0,3,1,0,false
D:\8th\Software Maintenance\File-Transfer-and-Chat-Project-in-Java\File Transfer and Chat Project in Java\Project Files\menu1.java,menu1,mouseExited/1[java.awt.event.MouseEvent],false,76,0,0,0,0,1,1,3,0,0,1,1,0,0,0,0,0,0,0,0,0,0,0,0,0,0,7,1,0,false
D:\8th\Software Maintenance\File-Transfer-and-Chat-Project-in-Java\File Transfer and Chat Project in Java\Project Files\menu1.java,menu1,mouseEntered/1[java.awt.event.MouseEvent],false,75,0,0,0,0,1,1,3,0,0,1,1,0,0,0,0,0,0,0,0,0,0,0,0,0,0,7,1,0,false
D:\8th\Software Maintenance\File-Transfer-and-Chat-Project-in-Java\File Transfer and Chat Project in Java\Project Files\menu1.java,menu1,mouseReleased/1[java.awt.event.MouseEvent],false,86,0,0,0,0,1,0,2,0,0,1,0,0,0,0,0,0,0,0,0,0,0,0,0,0,0,5,1,0,false
D:\8th\Software Maintenance\File-Transfer-and-Chat-Project-in-Java\File Transfer and Chat Project in Java\Project Files\menu1.java,menu1,menu1/0,true,11,0,2,1,1,3,16,66,0,4,0,16,0,0,1,0,1,0,22,44,15,3,2,1,0,0,43,0,0,false
D:\8th\Software Maintenance\File-Transfer-and-Chat-Project-in-Java\File Transfer and Chat Project in Java\Project Files\menu1.java,menu1,mouseClicked/1[java.awt.event.MouseEvent],false,77,0,0,0,0,1,0,2,0,0,1,0,0,0,0,0,0,0,0,0,0,0,0,0,0,0,5,1,0,false
D:\8th\Software Maintenance\File-Transfer-and-Chat-Project-in-Java\File Transfer and Chat Project in Java\Project Files\chatform1.java,quitting,run/0,false,126,0,0,0,0,4,7,17,0,3,0,7,0,0,1,0,1,0,2,1,4,0,3,0,0,0,10,1,0,false
D:\8th\Software Maintenance\File-Transfer-and-Chat-Project-in-Java\File Transfer and Chat Project in Java\Project Files\chatform1.java,quitting,"quitting/2[java.io.DataOutputStream,java.lang.String]",true,119,0,1,1,0,1,1,6,0,0,2,1,0,0,0,0,0,0,0,0,3,0,0,0,0,0,11,0,0,false
D:\8th\Software Maintenance\File-Transfer-and-Chat-Project-in-Java\File Transfer and Chat Project in Java\Project Files\ftpser1.java,ftpser1,main/1[java.lang.String[]],false,11,1,1,0,1,1,0,3,0,1,1,0,0,0,0,0,0,0,0,0,1,0,0,0,0,0,3,9,0,false
